{
    "Local_Address": [
        0.21841704718417046,
        0.11411992263056092,
        0.7800608828006088,
        0.24854932301740812
    ],
    "kataho_Address": [
        0.1430745814307458,
        0.34235976789168276,
        0.875951293759513,
        0.4700193423597679
    ],
    "Plus_Code": [
        0.441400304414003,
        0.5783365570599613,
        0.7648401826484018,
        0.6508704061895552
    ],
    "Ward_Address": [
        0.22602739726027396,
        0.6750483558994197,
        0.7640791476407914,
        0.7572533849129593
    ],
    "City": [
        0.4254185692541857,
        0.7572533849129593,
        0.5662100456621004,
        0.8268858800773694
    ],
    "QR_Code": [
        0.7792998477929984,
        0.625725338491296,
        0.9505327245053272,
        0.8481624758220503
    ]
}